{
  "left_joycon_stick": {
    "stick_up": "Up",
    "stick_down": "Down",
    "stick_left": "Left",
    "stick_right": "Right",
    "stick_button": "F"
  },
  "right_joycon_stick": {
    "stick_up": "I",
    "stick_down": "K",
    "stick_left": "J",
    "stick_right": "L",
    "stick_button": "H"
  },
  "left_joycon": {
    "button_minus": "KeypadSubtract",
    "button_l": "E",
    "button_zl": "Q",
    "button_sl": "Unbound",
    "button_sr": "Unbound",
    "dpad_up": "W",
    "dpad_down": "S",
    "dpad_left": "A",
    "dpad_right": "D"
  },
  "right_joycon": {
    "button_plus": "KeypadAdd",
    "button_r": "U",
    "button_zr": "O",
    "button_sl": "Unbound",
    "button_sr": "Unbound",
    "button_x": "C",
    "button_b": "X",
    "button_y": "V",
    "button_a": "Z"
  },
  "version": 1,
  "backend": "WindowKeyboard",
  "id": "0",
  "controller_type": "ProController",
  "player_index": "Player1"
}